<?xml version="1.0" encoding="UTF-8"?>
<project-private xmlns="http://www.netbeans.org/ns/project-private/1">
    <editor-bookmarks xmlns="http://www.netbeans.org/ns/editor-bookmarks/2" lastBookmarkId="0"/>
    <open-files xmlns="http://www.netbeans.org/ns/projectui-open-files/2">
        <group>
            <file>file:/C:/Users/carlos_js_santos/Documents/NetBeansProjects/Carro/src/DAO/DescricaoDAO.java</file>
            <file>file:/C:/Users/carlos_js_santos/Documents/NetBeansProjects/Carro/src/DAO/ConexaoBanco.java</file>
            <file>file:/C:/Users/carlos_js_santos/Documents/NetBeansProjects/Carro/src/Telas/TelaPrincipal.java</file>
        </group>
    </open-files>
</project-private>
